{
  "chunk_index": 0,
  "tests": 1000,
  "elements": 25500,
  "encrypt_time_ns": "33684762935",
  "decrypt_time_ns": "32027188442",
  "avg_encrypt_us": 33684.762935,
  "avg_decrypt_us": 32027.188442000002,
  "encrypt_throughput": 757.018835169071,
  "decrypt_throughput": 796.1985188359419
}