{
  "avg_decrypt_us": 3971.202661,
  "avg_encrypt_us": 3970.3576949999997,
  "chunk_index": 0,
  "decrypt_throughput": 6421.228574010567,
  "decrypt_time_ns": 3971202661,
  "elements": 25500,
  "encrypt_throughput": 6422.595130940715,
  "encrypt_time_ns": 3970357695,
  "failed": 0,
  "passed": 1000,
  "tests": 1000
}
